mode,n,mae,rmse,r2
environmental_only,504,38.81931334589286,43.69073572906882,-4.4969482935330225
standard,504,19.152654487420634,25.58915601612458,-0.885622970473656
